Zip,City,State,Latitude,Longitude,Timezone,Daylight savings time flag,geopoint
81148,Romeo,CO,37.171583,-105.98648,-7,1,37.171583
81423,Norwood,CO,38.082231,-108.2586,-7,1,38.082231
81505,Grand Junction,CO,39.112514,-108.60506,-7,1,39.112514
81624,Collbran,CO,39.220166,-107.93414,-7,1,39.220166
80402,Golden,CO,39.522014,-105.223945,-7,1,39.522014
80235,Denver,CO,39.648328,-105.08431,-7,1,39.648328
80620,Evans,CO,40.378019,-104.70357,-7,1,40.378019
81001,Pueblo,CO,38.282872,-104.57029,-7,1,38.282872
80202,Denver,CO,39.751586,-104.99699,-7,1,39.751586
80454,Indian Hills,CO,39.631254,-105.26071,-7,1,39.631254
81422,Naturita,CO,38.296229,-108.68079,-7,1,38.296229
80720,Akron,CO,40.124199,-103.18362,-7,1,40.124199
81658,Vail,CO,39.624171,-106.497314,-7,1,39.624171
80230,Denver,CO,39.721763,-104.89627,-7,1,39.721763
80836,Stratton,CO,39.29782,-102.59745,-7,1,39.29782
81290,Florence,CO,38.358421,-105.106881,-7,1,38.358421
81062,Olney Springs,CO,38.193937,-103.92275,-7,1,38.193937
80940,Colorado Springs,CO,38.82469,-104.562027,-7,1,38.82469
80946,Colorado Springs,CO,38.82469,-104.562027,-7,1,38.82469
80266,Denver,CO,39.747179,-104.991511,-7,1,39.747179
80329,Boulder,CO,40.087835,-105.373507,-7,1,40.087835
80640,Henderson,CO,39.885202,-104.88339,-7,1,39.885202
80538,Loveland,CO,40.435645,-105.08726,-7,1,40.435645
81429,Paradox,CO,38.371101,-108.969823,-7,1,38.371101
80835,Simla,CO,39.172831,-104.08793,-7,1,39.172831
80432,Como,CO,39.24344,-105.79431,-7,1,39.24344
80546,Severance,CO,40.524987,-104.850544,-7,1,40.524987
80922,Colorado Springs,CO,38.897344,-104.70145,-7,1,38.897344
80653,Weldona,CO,40.36593,-104.00612,-7,1,40.36593
80638,Greeley,CO,40.500919,-104.31497,-7,1,40.500919
81091,Weston,CO,37.193451,-104.97188,-7,1,37.193451
80420,Alma,CO,39.293921,-106.06889,-7,1,39.293921
80831,Peyton,CO,38.96634,-104.54313,-7,1,38.96634
81071,Sheridan Lake,CO,38.44672,-102.24844,-7,1,38.44672
80520,Firestone,CO,40.115501,-104.93637,-7,1,40.115501
80732,Hereford,CO,40.975104,-104.305265,-7,1,40.975104
81332,Rico,CO,37.713158,-108.02585,-7,1,37.713158
80826,Limon,CO,39.041435,-103.604851,-7,1,39.041435
81630,De Beque,CO,39.378823,-108.34069,-7,1,39.378823
81058,Manzanola,CO,38.107593,-103.86848,-7,1,38.107593
81210,Almont,CO,38.778749,-106.62831,-7,1,38.778749
80305,Boulder,CO,39.979691,-105.252586,-7,1,39.979691
80321,Boulder,CO,40.087835,-105.373507,-7,1,40.087835
80238,Denver,CO,39.738752,-104.408349,-7,1,39.738752
81081,Trinchera,CO,37.096255,-104.14826,-7,1,37.096255
81633,Dinosaur,CO,40.377031,-108.398991,-7,1,40.377031
80866,Woodland Park,CO,39.085706,-105.23659,-7,1,39.085706
80532,Glen Haven,CO,40.497758,-105.43325,-7,1,40.497758
81402,Montrose,CO,38.485093,-107.885975,-7,1,38.485093
80470,Pine,CO,39.45658,-105.36876,-7,1,39.45658
80216,Denver,CO,39.784622,-104.96214,-7,1,39.784622
80924,Breckenridge,CO,39.527772,-106.039412,-7,1,39.527772
80232,Denver,CO,39.690387,-105.08866,-7,1,39.690387
80425,Buffalo Creek,CO,39.361089,-105.22472,-7,1,39.361089
80514,Dacono,CO,40.083475,-104.93581,-7,1,40.083475
80534,Johnstown,CO,40.335398,-104.91477,-7,1,40.335398
81212,Canon City,CO,38.464212,-105.27973,-7,1,38.464212
80007,Arvada,CO,39.833442,-105.18591,-7,1,39.833442
80547,Timnath,CO,40.528966,-104.98083,-7,1,40.528966
80825,Kit Carson,CO,38.765737,-102.78889,-7,1,38.765737
81079,Colorado City,CO,37.951881,-104.858227,-7,1,37.951881
81523,Glade Park,CO,38.958934,-108.85126,-7,1,38.958934
81623,Carbondale,CO,39.335504,-107.1882,-7,1,39.335504
80949,Colorado Springs,CO,38.82469,-104.562027,-7,1,38.82469
81224,Crested Butte,CO,38.865307,-106.96556,-7,1,38.865307
81410,Austin,CO,38.79053,-107.97404,-7,1,38.79053
80435,Dillon,CO,39.607479,-105.97937,-7,1,39.607479
81024,Boncarbo,CO,37.229888,-104.71063,-7,1,37.229888
80221,Denver,CO,39.816536,-105.01123,-7,1,39.816536
81640,Maybell,CO,40.594344,-108.39974,-7,1,40.594344
80042,Aurora,CO,39.80797,-104.407918,-7,1,39.80797
80912,Colorado Springs,CO,38.82469,-104.562027,-7,1,38.82469
81040,Gardner,CO,37.777997,-105.20072,-7,1,37.777997
81414,Cory,CO,38.788697,-107.986174,-7,1,38.788697
81335,Yellow Jacket,CO,37.508184,-108.78311,-7,1,37.508184
81303,Durango,CO,37.222311,-107.653131,-7,1,37.222311
80509,Colorado Springs,CO,38.828692,-104.84063,-7,1,38.828692
80105,Deer Trail,CO,39.631741,-104.01594,-7,1,39.631741
81416,Delta,CO,38.733901,-108.08219,-7,1,38.733901
80309,Boulder,CO,40.087835,-105.373507,-7,1,40.087835
80807,Burlington,CO,39.3124,-102.25094,-7,1,39.3124
81076,Sugar City,CO,38.26144,-103.67101,-7,1,38.26144
80525,Fort Collins,CO,40.532354,-105.0535,-7,1,40.532354
80610,Ault,CO,40.61798,-104.66762,-7,1,40.61798
80934,Colorado Springs,CO,38.82469,-104.562027,-7,1,38.82469
80121,Littleton,CO,39.607386,-104.95805,-7,1,39.607386
80915,Colorado Springs,CO,38.858644,-104.70892,-7,1,38.858644
80293,Denver,CO,39.746286,-104.99008,-7,1,39.746286
81154,South Fork,CO,37.671046,-106.63177,-7,1,37.671046
80248,Denver,CO,39.738752,-104.408349,-7,1,39.738752
80449,Hartsel,CO,38.993175,-105.79916,-7,1,38.993175
81077,Swink,CO,38.015189,-103.62827,-7,1,38.015189
80932,Colorado Springs,CO,38.82469,-104.562027,-7,1,38.82469
81328,Mancos,CO,37.363564,-108.29691,-7,1,37.363564
80457,Kittredge,CO,39.653899,-105.30102,-7,1,39.653899
81044,Hasty,CO,38.039941,-102.94569,-7,1,38.039941
80515,Drake,CO,40.412496,-105.41818,-7,1,40.412496
80478,Tabernash,CO,40.00167,-105.8686,-7,1,40.00167
80403,Golden,CO,39.827903,-105.32256,-7,1,39.827903
81611,Aspen,CO,39.196857,-106.8191,-7,1,39.196857
80840,U S A F Academy,CO,39.008109,-104.84248,-7,1,39.008109
81138,Jaroso,CO,37.197731,-105.429395,-7,1,37.197731
80299,Denver,CO,39.738752,-104.408349,-7,1,39.738752
81084,Two Buttes,CO,37.567773,-102.39192,-7,1,37.567773
80206,Denver,CO,39.731237,-104.95243,-7,1,39.731237
81042,Gulnare,CO,37.315263,-104.73461,-7,1,37.315263
81149,Saguache,CO,38.120209,-106.22626,-7,1,38.120209
80016,Aurora,CO,39.595115,-104.7485,-7,1,39.595115
80864,Yoder,CO,38.688075,-104.17321,-7,1,38.688075
81242,Poncha Springs,CO,38.471892,-106.097284,-7,1,38.471892
80498,Silverthorne,CO,39.722417,-106.13744,-7,1,39.722417
81153,San Pablo,CO,37.127132,-105.3675,-7,1,37.127132
80419,Golden,CO,39.522014,-105.223945,-7,1,39.522014
81631,Eagle,CO,39.622314,-106.7751,-7,1,39.622314
81008,Pueblo,CO,38.370203,-104.61964,-7,1,38.370203
80528,Fort Collins,CO,40.502779,-105.01123,-7,1,40.502779
80814,Divide,CO,38.927344,-105.18746,-7,1,38.927344
80527,Fort Collins,CO,40.540565,-105.280009,-7,1,40.540565
81635,Parachute,CO,39.493283,-108.11571,-7,1,39.493283
80247,Denver,CO,39.693573,-104.876649,-7,1,39.693573
81025,Boone,CO,38.243711,-104.23282,-7,1,38.243711
80130,Lone Tree,CO,39.541571,-104.92152,-7,1,39.541571
80833,Rush,CO,38.694617,-103.96314,-7,1,38.694617
81222,Coaldale,CO,38.374462,-105.76738,-7,1,38.374462
80239,Denver,CO,39.788236,-104.83034,-7,1,39.788236
81434,Somerset,CO,38.994185,-107.35526,-7,1,38.994185
80421,Bailey,CO,39.460306,-105.476,-7,1,39.460306
81002,Pueblo,CO,38.128626,-104.552299,-7,1,38.128626
80541,Masonville,CO,40.529278,-105.372014,-7,1,40.529278
80314,Boulder,CO,40.087835,-105.373507,-7,1,40.087835
81645,Minturn,CO,39.459323,-106.37859,-7,1,39.459323
81215,Canon City,CO,38.477563,-105.476577,-7,1,38.477563
80219,Denver,CO,39.698137,-105.03483,-7,1,39.698137
81147,Pagosa Springs,CO,37.241179,-107.11287,-7,1,37.241179
80907,Colorado Springs,CO,38.873692,-104.81869,-7,1,38.873692
80154,Englewood,CO,39.738752,-104.408349,-7,1,39.738752
80759,Yuma,CO,40.169249,-102.69005,-7,1,40.169249
80970,Colorado Springs,CO,38.82469,-104.562027,-7,1,38.82469
80504,Longmont,CO,40.160138,-105.01772,-7,1,40.160138
81009,Pueblo,CO,38.128626,-104.552299,-7,1,38.128626
80602,Thornton,CO,39.958987,-104.908921,-7,1,39.958987
80553,Fort Collins,CO,40.628112,-105.569245,-7,1,40.628112
81330,Mesa Verde National Park,CO,37.237814,-108.50424,-7,1,37.237814
80017,Aurora,CO,39.695269,-104.78439,-7,1,39.695269
81324,Dove Creek,CO,37.775543,-108.92455,-7,1,37.775543
81612,Aspen,CO,39.223416,-106.882774,-7,1,39.223416
80237,Denver,CO,39.643637,-104.90406,-7,1,39.643637
80901,Colorado Springs,CO,38.861469,-104.857828,-7,1,38.861469
81140,La Jara,CO,37.274108,-106.05178,-7,1,37.274108
80451,Hot Sulphur Springs,CO,40.101485,-106.11862,-7,1,40.101485
81621,Basalt,CO,39.379423,-106.97082,-7,1,39.379423
81050,La Junta,CO,37.995879,-103.54001,-7,1,37.995879
80741,Merino,CO,40.508131,-103.41815,-7,1,40.508131
80821,Hugo,CO,39.020889,-103.48045,-7,1,39.020889
81054,Las Animas,CO,38.037435,-103.18631,-7,1,38.037435
81019,Colorado City,CO,37.887346,-104.613617,-7,1,37.887346
81122,Bayfield,CO,37.329743,-107.59026,-7,1,37.329743
80137,Watkins,CO,39.749664,-104.60811,-7,1,39.749664
80633,Greeley,CO,40.500919,-104.31497,-7,1,40.500919
80651,Platteville,CO,40.228533,-104.84267,-7,1,40.228533
81151,Sanford,CO,37.23354,-105.7477,-7,1,37.23354
80304,Boulder,CO,40.039784,-105.27938,-7,1,40.039784
80471,Pinecliffe,CO,39.947386,-105.459269,-7,1,39.947386
80630,Greeley,CO,40.405094,-104.800547,-7,1,40.405094
81248,Sargents,CO,38.410975,-106.47812,-7,1,38.410975
80644,Kersey,CO,40.363777,-104.51964,-7,1,40.363777
80125,Littleton,CO,39.479365,-105.06708,-7,1,39.479365
80214,Denver,CO,39.745526,-105.06251,-7,1,39.745526
80642,Hudson,CO,40.060539,-104.62943,-7,1,40.060539
80829,Manitou Springs,CO,38.853663,-104.93485,-7,1,38.853663
80220,Denver,CO,39.734387,-104.91678,-7,1,39.734387
80263,Denver,CO,39.738752,-104.408349,-7,1,39.738752
80750,Snyder,CO,40.382063,-103.60936,-7,1,40.382063
80933,Colorado Springs,CO,38.939371,-105.011786,-7,1,38.939371
81057,McClave,CO,38.136132,-102.88325,-7,1,38.136132
81415,Crawford,CO,38.636112,-107.59315,-7,1,38.636112
81625,Craig,CO,40.566113,-107.60818,-7,1,40.566113
80163,Littleton,CO,39.347863,-104.994708,-7,1,39.347863
80265,Denver,CO,39.738752,-104.408349,-7,1,39.738752
80549,Wellington,CO,40.762264,-105.01233,-7,1,40.762264
80203,Denver,CO,39.731286,-104.98306,-7,1,39.731286
80120,Littleton,CO,39.599687,-105.00658,-7,1,39.599687
80012,Aurora,CO,39.698387,-104.83956,-7,1,39.698387
81143,Moffat,CO,38.142453,-105.91579,-7,1,38.142453
81003,Pueblo,CO,38.281052,-104.62567,-7,1,38.281052
80452,Idaho Springs,CO,39.737369,-105.56054,-7,1,39.737369
81013,Pueblo,CO,38.128626,-104.552299,-7,1,38.128626
81029,Campo,CO,37.136682,-102.5296,-7,1,37.136682
81244,Rockvale,CO,38.353064,-105.18642,-7,1,38.353064
80815,Flagler,CO,39.348989,-103.07103,-7,1,39.348989
81082,Trinidad,CO,37.191882,-104.47809,-7,1,37.191882
81155,Villa Grove,CO,38.327695,-106.14476,-7,1,38.327695
80201,Denver,CO,39.726303,-104.856808,-7,1,39.726303
80109,Castle Rock,CO,39.380857,-104.89947,-7,1,39.380857
81123,Blanca,CO,37.419263,-105.58024,-7,1,37.419263
80742,New Raymer,CO,40.603869,-103.87807,-7,1,40.603869
80162,Littleton,CO,39.522014,-105.223945,-7,1,39.522014
81045,Haswell,CO,38.45313,-103.16965,-7,1,38.45313
81049,Kim,CO,37.242629,-103.47108,-7,1,37.242629
80014,Aurora,CO,39.665637,-104.83421,-7,1,39.665637
81012,Pueblo,CO,38.128626,-104.552299,-7,1,38.128626
80745,Padroni,CO,40.825947,-103.27669,-7,1,40.825947
80936,Colorado Springs,CO,38.82469,-104.562027,-7,1,38.82469
80705,Log Lane Village,CO,40.270801,-103.82915,-7,1,40.270801
80615,Eaton,CO,40.529241,-104.71181,-7,1,40.529241
81502,Grand Junction,CO,39.017876,-108.481354,-7,1,39.017876
80260,Denver,CO,39.868635,-105.00805,-7,1,39.868635
80218,Denver,CO,39.731237,-104.97133,-7,1,39.731237
81613,Snowmass Village,CO,39.212626,-106.941907,-7,1,39.212626
80003,Arvada,CO,39.825357,-105.06439,-7,1,39.825357
80436,Dumont,CO,39.766277,-105.61523,-7,1,39.766277
80862,Wild Horse,CO,38.922655,-103.02115,-7,1,38.922655
81136,Hooper,CO,37.779885,-105.81264,-7,1,37.779885
80295,Denver,CO,39.745486,-104.986336,-7,1,39.745486
80841,U S A F Academy,CO,38.82469,-104.562027,-7,1,38.82469
80962,Colorado Springs,CO,38.82469,-104.562027,-7,1,38.82469
80935,Colorado Springs,CO,38.82469,-104.562027,-7,1,38.82469
81135,Homelake,CO,37.615741,-106.375292,-7,1,37.615741
81421,Maher,CO,38.942927,-107.939831,-7,1,38.942927
81260,Basalt,CO,39.361605,-107.025486,-7,1,39.361605
80737,Julesburg,CO,40.916929,-102.21858,-7,1,40.916929
80243,Denver,CO,39.738752,-104.408349,-7,1,39.738752
81010,Pueblo,CO,38.128626,-104.552299,-7,1,38.128626
80819,Green Mountain Falls,CO,38.940813,-105.01363,-7,1,38.940813
81059,Model,CO,37.513166,-104.02959,-7,1,37.513166
81126,Chama,CO,37.175339,-105.34164,-7,1,37.175339
80925,Colorado Springs,CO,38.758252,-104.6555,-7,1,38.758252
80830,Matheson,CO,39.089871,-103.89534,-7,1,39.089871
80824,Kirk,CO,39.650653,-102.52694,-7,1,39.650653
81516,Snowmass Village,CO,39.225729,-106.937134,-7,1,39.225729
80122,Littleton,CO,39.582604,-104.95834,-7,1,39.582604
80812,Cope,CO,39.648325,-102.88722,-7,1,39.648325
80817,Fountain,CO,38.674013,-104.69627,-7,1,38.674013
81132,Del Norte,CO,37.731981,-106.39774,-7,1,37.731981
80645,La Salle,CO,40.332131,-104.68704,-7,1,40.332131
81069,Rye,CO,37.909758,-104.89892,-7,1,37.909758
80323,Boulder,CO,40.087835,-105.373507,-7,1,40.087835
80740,Lindon,CO,39.724528,-103.38353,-7,1,39.724528
80828,Limon,CO,39.273148,-103.69416,-7,1,39.273148
80124,Littleton,CO,39.543478,-104.89644,-7,1,39.543478
80434,Cowdrey,CO,40.92301,-106.33104,-7,1,40.92301
81620,Avon,CO,39.63298,-106.51534,-7,1,39.63298
80150,Englewood,CO,39.738752,-104.408349,-7,1,39.738752
80860,Victor,CO,38.719345,-105.12429,-7,1,38.719345
80611,Briggsdale,CO,40.581437,-104.26915,-7,1,40.581437
80533,Hygiene,CO,40.181515,-105.232695,-7,1,40.181515
80031,Westminster,CO,39.866785,-105.04143,-7,1,39.866785
80036,Westminster,CO,39.80797,-104.407918,-7,1,39.80797
81220,Cimarron,CO,38.321598,-107.4166,-7,1,38.321598
80997,Colorado Springs,CO,38.82469,-104.562027,-7,1,38.82469
80229,Denver,CO,39.859585,-104.95943,-7,1,39.859585
80210,Denver,CO,39.679437,-104.96473,-7,1,39.679437
80755,Vernon,CO,39.940858,-102.36417,-7,1,39.940858
80101,Agate,CO,39.378712,-104.02409,-7,1,39.378712
81506,Grand Junction,CO,39.106039,-108.54679,-7,1,39.106039
80013,Aurora,CO,39.659105,-104.7791,-7,1,39.659105
80456,Jefferson,CO,39.310793,-105.74027,-7,1,39.310793
81046,Hoehne,CO,37.279584,-104.358375,-7,1,37.279584
80502,Longmont,CO,40.087835,-105.373507,-7,1,40.087835
80516,Erie,CO,40.051051,-105.02767,-7,1,40.051051
81230,Gunnison,CO,38.464132,-106.95776,-7,1,38.464132
80027,Louisville,CO,39.963322,-105.15053,-7,1,39.963322
80461,Leadville,CO,39.231776,-106.31399,-7,1,39.231776
80231,Denver,CO,39.681687,-104.88338,-7,1,39.681687
81432,Ridgway,CO,38.131449,-107.77322,-7,1,38.131449
80929,Colorado Springs,CO,38.831149,-104.65178,-7,1,38.831149
80731,Haxtun,CO,40.593911,-102.58831,-7,1,40.593911
81043,Hartman,CO,38.119932,-102.21952,-7,1,38.119932
81131,Crestone,CO,37.945768,-105.69706,-7,1,37.945768
80045,Aurora,CO,39.746736,-104.838361,-7,1,39.746736
81648,Rangely,CO,40.011447,-108.77528,-7,1,40.011447
80264,Denver,CO,39.742486,-104.98563,-7,1,39.742486
80437,Evergreen,CO,39.522014,-105.223945,-7,1,39.522014
80022,Commerce City,CO,39.836586,-104.9039,-7,1,39.836586
80224,Denver,CO,39.688437,-104.91348,-7,1,39.688437
80246,Denver,CO,39.705318,-104.93113,-7,1,39.705318
81247,Gunnison,CO,38.457513,-107.292081,-7,1,38.457513
80746,Paoli,CO,40.610554,-102.472203,-7,1,40.610554
81239,Parlin,CO,38.618553,-106.54811,-7,1,38.618553
80488,Steamboat Springs,CO,40.619661,-106.860746,-7,1,40.619661
80270,Denver,CO,39.738752,-104.408349,-7,1,39.738752
80443,Frisco,CO,39.532506,-106.14029,-7,1,39.532506
80530,Frederick,CO,40.104211,-104.93576,-7,1,40.104211
80010,Aurora,CO,39.739387,-104.8621,-7,1,39.739387
80906,Colorado Springs,CO,38.791242,-104.82492,-7,1,38.791242
81526,Palisade,CO,39.1013,-108.367,-7,1,39.1013
80294,Denver,CO,39.749436,-104.98948,-7,1,39.749436
81036,Eads,CO,38.467553,-102.80439,-7,1,38.467553
80111,Englewood,CO,39.610431,-104.88139,-7,1,39.610431
81643,Mesa,CO,39.102266,-108.16033,-7,1,39.102266
80207,Denver,CO,39.759386,-104.91945,-7,1,39.759386
80482,Winter Park,CO,39.915508,-105.78359,-7,1,39.915508
80823,Karval,CO,38.709972,-103.54469,-7,1,38.709972
81223,Cotopaxi,CO,38.357344,-105.53192,-7,1,38.357344
81027,Branson,CO,37.095478,-103.84302,-7,1,37.095478
80448,Grant,CO,39.459109,-105.72873,-7,1,39.459109
80649,Orchard,CO,40.310272,-104.15685,-7,1,40.310272
81121,Arboles,CO,37.039131,-107.42271,-7,1,37.039131
81413,Cedaredge,CO,38.941926,-107.92669,-7,1,38.941926
80225,Denver,CO,39.69709,-105.12044,-7,1,39.69709
80423,Bond,CO,39.871619,-106.57267,-7,1,39.871619
80131,Louviers,CO,39.347863,-104.994708,-7,1,39.347863
80634,Greeley,CO,40.407853,-104.75498,-7,1,40.407853
80818,Genoa,CO,39.386933,-103.48219,-7,1,39.386933
80861,Vona,CO,39.36479,-102.75387,-7,1,39.36479
81426,Ophir,CO,37.860092,-107.86975,-7,1,37.860092
81022,Avondale,CO,38.089719,-104.37807,-7,1,38.089719
81334,Towaoc,CO,37.178946,-108.88769,-7,1,37.178946
80632,Greeley,CO,40.376626,-104.762899,-7,1,40.376626
80822,Joes,CO,39.633953,-102.69795,-7,1,39.633953
80019,Aurora,CO,39.784036,-104.72289,-7,1,39.784036
80107,Elizabeth,CO,39.397242,-104.58696,-7,1,39.397242
81302,Durango,CO,37.357249,-107.935945,-7,1,37.357249
80483,Yampa,CO,40.149432,-106.90681,-7,1,40.149432
81246,Canon City,CO,38.477563,-105.476577,-7,1,38.477563
81235,Lake City,CO,37.961233,-107.29953,-7,1,37.961233
80522,Fort Collins,CO,40.642907,-105.057005,-7,1,40.642907
80523,Fort Collins,CO,40.45553,-105.464832,-7,1,40.45553
80455,Jamestown,CO,40.094785,-105.39844,-7,1,40.094785
80735,Idalia,CO,39.709824,-102.24035,-7,1,39.709824
80751,Sterling,CO,40.633845,-103.21574,-7,1,40.633845
80539,Loveland,CO,40.38636,-105.163377,-7,1,40.38636
80127,Littleton,CO,39.599755,-105.13052,-7,1,39.599755
81134,Garcia,CO,37.092195,-105.530023,-7,1,37.092195
81047,Holly,CO,38.060575,-102.19677,-7,1,38.060575
80273,Denver,CO,39.727293,-104.987535,-7,1,39.727293
80612,Carr,CO,40.886476,-104.87448,-7,1,40.886476
80544,Niwot,CO,40.177043,-105.275045,-7,1,40.177043
80328,Boulder,CO,40.087835,-105.373507,-7,1,40.087835
80442,Fraser,CO,39.949217,-105.83438,-7,1,39.949217
81226,Florence,CO,38.387091,-105.1226,-7,1,38.387091
81419,Hotchkiss,CO,38.819199,-107.73704,-7,1,38.819199
80941,Colorado Springs,CO,38.82469,-104.562027,-7,1,38.82469
80004,Arvada,CO,39.81431,-105.12263,-7,1,39.81431
80947,Colorado Springs,CO,38.82469,-104.562027,-7,1,38.82469
80944,Colorado Springs,CO,38.82469,-104.562027,-7,1,38.82469
81433,Silverton,CO,37.868294,-107.62223,-7,1,37.868294
80102,Bennett,CO,39.760573,-104.431,-7,1,39.760573
80728,Fleming,CO,40.620805,-102.84813,-7,1,40.620805
81101,Alamosa,CO,37.471802,-105.83471,-7,1,37.471802
80526,Fort Collins,CO,40.539432,-105.11576,-7,1,40.539432
81011,Pueblo,CO,38.128626,-104.552299,-7,1,38.128626
80517,Estes Park,CO,40.370415,-105.51722,-7,1,40.370415
80622,Galeton,CO,40.536158,-104.500735,-7,1,40.536158
81241,Pitkin,CO,38.607617,-106.52037,-7,1,38.607617
80474,Rollinsville,CO,39.908923,-105.57057,-7,1,39.908923
80215,Denver,CO,39.744437,-105.10441,-7,1,39.744437
80255,Denver,CO,39.738752,-104.408349,-7,1,39.738752
80002,Arvada,CO,39.795006,-105.0981,-7,1,39.795006
80545,Red Feather Lakes,CO,40.824993,-105.63525,-7,1,40.824993
80025,Eldorado Springs,CO,39.92926,-105.28863,-7,1,39.92926
81127,Chimney Rock,CO,37.218131,-107.34452,-7,1,37.218131
81221,Coal Creek,CO,38.36154,-105.14752,-7,1,38.36154
80542,Mead,CO,40.234505,-104.99747,-7,1,40.234505
80134,Parker,CO,39.508608,-104.78031,-7,1,39.508608
80212,Denver,CO,39.770336,-105.04688,-7,1,39.770336
81431,Redvale,CO,38.153484,-108.43921,-7,1,38.153484
81034,Crowley,CO,38.317851,-103.779959,-7,1,38.317851
80236,Denver,CO,39.652454,-105.04089,-7,1,39.652454
81522,Gateway,CO,38.715101,-109.01087,-7,1,38.715101
80138,Parker,CO,39.523171,-104.70607,-7,1,39.523171
81092,Wiley,CO,38.17924,-102.75161,-7,1,38.17924
80621,Fort Lupton,CO,40.090367,-104.79723,-7,1,40.090367
81201,Salida,CO,38.533464,-106.03468,-7,1,38.533464
80909,Colorado Springs,CO,38.851493,-104.77856,-7,1,38.851493
81064,Pritchett,CO,37.315497,-102.95462,-7,1,37.315497
82063,Jelm,CO,40.932966,-105.87705,-7,1,40.932966
80466,Nederland,CO,39.964486,-105.50805,-7,1,39.964486
80477,Steamboat Springs,CO,40.348242,-106.92691,-7,1,40.348242
80914,Colorado Springs,CO,38.819195,-104.701177,-7,1,38.819195
81610,Dinosaur,CO,40.334542,-108.76266,-7,1,40.334542
80977,Colorado Springs,CO,38.82469,-104.562027,-7,1,38.82469
80723,Brush,CO,40.23045,-103.60824,-7,1,40.23045
80209,Denver,CO,39.706535,-104.96698,-7,1,39.706535
80024,Dupont,CO,39.844685,-104.91851,-7,1,39.844685
80429,Climax,CO,39.225758,-106.311697,-7,1,39.225758
80701,Fort Morgan,CO,40.226357,-103.80625,-7,1,40.226357
80540,Lyons,CO,40.253033,-105.33762,-7,1,40.253033
80904,Colorado Springs,CO,38.850558,-104.86481,-7,1,38.850558
81225,Crested Butte,CO,38.901649,-106.96755,-7,1,38.901649
80244,Denver,CO,39.738752,-104.408349,-7,1,39.738752
80035,Westminster,CO,39.80797,-104.407918,-7,1,39.80797
80479,Toponas,CO,40.041288,-106.8557,-7,1,40.041288
81237,Ohio City,CO,38.590788,-106.602838,-7,1,38.590788
80744,Ovid,CO,40.888124,-102.3726,-7,1,40.888124
81067,Rocky Ford,CO,38.042083,-103.72231,-7,1,38.042083
80624,Gill,CO,40.481168,-104.5151,-7,1,40.481168
80749,Sedgwick,CO,40.86845,-102.54595,-7,1,40.86845
80296,Sherrelwood,CO,39.832432,-104.987535,-7,1,39.832432
80274,Denver,CO,39.743934,-104.987577,-7,1,39.743934
80911,Colorado Springs,CO,38.746807,-104.7232,-7,1,38.746807
80021,Broomfield,CO,39.881608,-105.09953,-7,1,39.881608
81323,Dolores,CO,37.515311,-108.45204,-7,1,37.515311
80439,Evergreen,CO,39.642572,-105.36812,-7,1,39.642572
81321,Cortez,CO,37.344985,-108.60355,-7,1,37.344985
81137,Ignacio,CO,37.099348,-107.64223,-7,1,37.099348
80834,Seibert,CO,39.315812,-102.88573,-7,1,39.315812
80133,Palmer Lake,CO,39.113371,-104.90493,-7,1,39.113371
80271,Denver,CO,39.738752,-104.408349,-7,1,39.738752
80908,Colorado Springs,CO,39.035216,-104.69575,-7,1,39.035216
80211,Denver,CO,39.767536,-105.01973,-7,1,39.767536
80476,Silver Plume,CO,39.695974,-105.73155,-7,1,39.695974
80126,Littleton,CO,39.544549,-104.96808,-7,1,39.544549
80223,Denver,CO,39.699156,-104.99999,-7,1,39.699156
80809,Cascade,CO,38.911701,-104.98731,-7,1,38.911701
80123,Littleton,CO,39.616114,-105.07393,-7,1,39.616114
80217,Denver,CO,39.738752,-104.408349,-7,1,39.738752
80827,Lake George,CO,39.031989,-105.46846,-7,1,39.031989
80006,Arvada,CO,39.522014,-105.223945,-7,1,39.522014
80721,Amherst,CO,40.681557,-102.16663,-7,1,40.681557
81655,Wolcott,CO,39.731182,-106.62705,-7,1,39.731182
80108,Castle Rock,CO,39.453833,-104.885409,-7,1,39.453833
80222,Denver,CO,39.669237,-104.92766,-7,1,39.669237
81052,Lamar,CO,38.08759,-102.61855,-7,1,38.08759
80303,Boulder,CO,39.989135,-105.22883,-7,1,39.989135
80139,Parker,CO,39.51474,-104.744145,-7,1,39.51474
80018,Aurora,CO,39.689244,-104.7166,-7,1,39.689244
80729,Grover,CO,40.877461,-104.22705,-7,1,40.877461
81227,Monarch,CO,38.545757,-106.243422,-7,1,38.545757
80614,Eastlake,CO,39.80797,-104.407918,-7,1,39.80797
80733,Hillrose,CO,40.340456,-103.51203,-7,1,40.340456
80000,Aurora,CO,39.669637,-104.773083,-7,1,39.669637
80030,Westminster,CO,39.830936,-105.03736,-7,1,39.830936
80279,Denver,CO,39.738752,-104.408349,-7,1,39.738752
80453,Idledale,CO,39.668426,-105.244245,-7,1,39.668426
80639,Greeley,CO,40.399281,-104.70172,-7,1,40.399281
80916,Colorado Springs,CO,38.808934,-104.73823,-7,1,38.808934
80727,Eckley,CO,40.086896,-102.48265,-7,1,40.086896
80046,Aurora,CO,39.738752,-104.408349,-7,1,39.738752
80813,Cripple Creek,CO,38.75604,-105.1497,-7,1,38.75604
81228,Granite,CO,39.030747,-106.256615,-7,1,39.030747
80734,Holyoke,CO,40.582954,-102.30451,-7,1,40.582954
81006,Pueblo,CO,38.243266,-104.52912,-7,1,38.243266
80433,Conifer,CO,39.514738,-105.31198,-7,1,39.514738
80291,Denver,CO,39.74394,-104.987577,-7,1,39.74394
80427,Central City,CO,39.804776,-105.53422,-7,1,39.804776
80646,Lucerne,CO,40.48243,-104.70542,-7,1,40.48243
81327,Lewis,CO,37.534825,-108.65188,-7,1,37.534825
81157,Pagosa Springs,CO,37.270438,-107.093153,-7,1,37.270438
80250,Denver,CO,39.738752,-104.408349,-7,1,39.738752
81329,Marvel,CO,37.092605,-108.125194,-7,1,37.092605
80011,Aurora,CO,39.739737,-104.80905,-7,1,39.739737
81320,Cahone,CO,37.696224,-108.78271,-7,1,37.696224
80116,Franktown,CO,39.355957,-104.7241,-7,1,39.355957
80446,Granby,CO,40.142434,-105.95502,-7,1,40.142434
80301,Boulder,CO,40.044385,-105.21928,-7,1,40.044385
80537,Loveland,CO,40.383636,-105.10349,-7,1,40.383636
81005,Pueblo,CO,38.235865,-104.66972,-7,1,38.235865
81240,Penrose,CO,38.439499,-105.02111,-7,1,38.439499
81030,Cheraw,CO,38.107901,-103.51113,-7,1,38.107901
80465,Morrison,CO,39.620748,-105.18121,-7,1,39.620748
81023,Beulah,CO,38.069421,-104.95609,-7,1,38.069421
81527,Whitewater,CO,38.833235,-108.58155,-7,1,38.833235
80306,Boulder,CO,40.102219,-105.384694,-7,1,40.102219
81120,Antonito,CO,37.086403,-106.08325,-7,1,37.086403
80132,Monument,CO,39.098692,-104.8684,-7,1,39.098692
80652,Roggen,CO,40.095142,-104.28784,-7,1,40.095142
80648,Nunn,CO,40.746862,-104.76208,-7,1,40.746862
80913,Colorado Springs,CO,38.743871,-104.76387,-7,1,38.743871
81401,Montrose,CO,38.436409,-107.8625,-7,1,38.436409
80151,Englewood,CO,39.738752,-104.408349,-7,1,39.738752
81435,Telluride,CO,37.932874,-107.88874,-7,1,37.932874
80160,Littleton,CO,39.738752,-104.408349,-7,1,39.738752
81231,Gunnison,CO,38.702309,-106.940201,-7,1,38.702309
80802,Arapahoe,CO,38.834807,-102.1746,-7,1,38.834807
80801,Anton,CO,39.727493,-103.10362,-7,1,39.727493
80930,Colorado Springs,CO,38.811434,-104.50403,-7,1,38.811434
81601,Glenwood Springs,CO,39.533318,-107.32107,-7,1,39.533318
80061,Westminster,CO,39.862286,-105.072049,-7,1,39.862286
80469,Phippsburg,CO,40.218412,-106.94494,-7,1,40.218412
80810,Cheyenne Wells,CO,38.846982,-102.37913,-7,1,38.846982
80254,Denver,CO,39.738752,-104.408349,-7,1,39.738752
81020,Aguilar,CO,37.400041,-104.66016,-7,1,37.400041
81128,Chromo,CO,37.086533,-106.75491,-7,1,37.086533
81428,Paonia,CO,38.877695,-107.58799,-7,1,38.877695
80041,Aurora,CO,39.738752,-104.408349,-7,1,39.738752
80026,Lafayette,CO,40.002156,-105.10036,-7,1,40.002156
81133,Fort Garland,CO,37.375698,-105.37293,-7,1,37.375698
80155,Englewood,CO,39.738752,-104.408349,-7,1,39.738752
81090,Walsh,CO,37.347009,-102.26776,-7,1,37.347009
81524,Loma,CO,39.238633,-108.78893,-7,1,39.238633
80136,Strasburg,CO,39.776934,-104.30997,-7,1,39.776934
80290,Denver,CO,39.744086,-104.98696,-7,1,39.744086
80863,Woodland Park,CO,38.996004,-105.06335,-7,1,38.996004
80950,Colorado Springs,CO,38.82469,-104.562027,-7,1,38.82469
80536,Livermore,CO,40.878334,-105.40415,-7,1,40.878334
80112,Englewood,CO,39.579454,-104.88288,-7,1,39.579454
80743,Otis,CO,40.215063,-102.95628,-7,1,40.215063
80208,Denver,CO,39.738752,-104.408349,-7,1,39.738752
80654,Wiggins,CO,40.196296,-104.07361,-7,1,40.196296
81236,Nathrop,CO,38.720234,-106.18801,-7,1,38.720234
80905,Colorado Springs,CO,38.837542,-104.83632,-7,1,38.837542
81420,Lazear,CO,38.781745,-107.780778,-7,1,38.781745
81430,Placerville,CO,38.08677,-108.00332,-7,1,38.08677
80623,Gilcrest,CO,40.28319,-104.77878,-7,1,40.28319
81418,Eckert,CO,38.842439,-107.96085,-7,1,38.842439
80261,Denver,CO,39.737929,-104.985036,-7,1,39.737929
80252,Denver,CO,39.738752,-104.408349,-7,1,39.738752
80227,Denver,CO,39.668576,-105.09191,-7,1,39.668576
80015,Aurora,CO,39.623896,-104.77723,-7,1,39.623896
80241,Denver,CO,39.929566,-104.94931,-7,1,39.929566
81424,Nucla,CO,38.29545,-108.50164,-7,1,38.29545
81646,Molina,CO,39.139927,-108.00498,-7,1,39.139927
80511,Estes Park,CO,40.628112,-105.569245,-7,1,40.628112
81427,Ouray,CO,38.016388,-107.67438,-7,1,38.016388
80535,Laporte,CO,40.67069,-105.17388,-7,1,40.67069
80726,Crook,CO,40.888254,-102.78823,-7,1,40.888254
80040,Aurora,CO,39.80797,-104.407918,-7,1,39.80797
80480,Walden,CO,40.621621,-106.24457,-7,1,40.621621
81129,Conejos,CO,37.101134,-106.02648,-7,1,37.101134
81647,New Castle,CO,39.567059,-107.54974,-7,1,39.567059
80754,Stoneham,CO,40.686028,-103.65736,-7,1,40.686028
80104,Castle Rock,CO,39.385141,-104.85962,-7,1,39.385141
80603,Lochbuie,CO,39.943831,-104.629665,-7,1,39.943831
80960,Colorado Springs,CO,38.82469,-104.562027,-7,1,38.82469
80307,Boulder,CO,40.087835,-105.373507,-7,1,40.087835
81628,El Jebel,CO,39.39787,-107.089239,-7,1,39.39787
80481,Ward,CO,40.10613,-105.48044,-7,1,40.10613
81657,Vail,CO,39.634566,-106.37077,-7,1,39.634566
81652,Silt,CO,39.508481,-107.66873,-7,1,39.508481
81642,Meredith,CO,39.342438,-106.63444,-7,1,39.342438
80942,Colorado Springs,CO,38.82469,-104.562027,-7,1,38.82469
80204,Denver,CO,39.734686,-105.01966,-7,1,39.734686
80902,Colorado Springs,CO,38.942365,-104.807081,-7,1,38.942365
81038,Fort Lyon,CO,37.955547,-103.072469,-7,1,37.955547
81504,Grand Junction,CO,39.085481,-108.49019,-7,1,39.085481
80161,Littleton,CO,39.738752,-104.408349,-7,1,39.738752
80601,Brighton,CO,39.973251,-104.82407,-7,1,39.973251
80115,Aurora,CO,39.636562,-104.82093,-7,1,39.636562
80135,Sedalia,CO,39.340969,-105.05404,-7,1,39.340969
81503,Grand Junction,CO,39.059221,-108.58311,-7,1,39.059221
80129,Littleton,CO,39.539556,-105.009739,-7,1,39.539556
80631,Greeley,CO,40.421845,-104.69175,-7,1,40.421845
80524,Fort Collins,CO,40.606962,-105.05106,-7,1,40.606962
80468,Parshall,CO,39.967717,-106.16205,-7,1,39.967717
80249,Denver,CO,39.793686,-104.73913,-7,1,39.793686
80943,Colorado Springs,CO,38.82469,-104.562027,-7,1,38.82469
80118,Larkspur,CO,39.206652,-104.90983,-7,1,39.206652
81251,Twin Lakes,CO,39.096394,-106.32916,-7,1,39.096394
80501,Longmont,CO,40.171484,-105.10033,-7,1,40.171484
81015,Pueblo,CO,38.128626,-104.552299,-7,1,38.128626
81074,Starkville,CO,37.121029,-104.523155,-7,1,37.121029
80444,Georgetown,CO,39.694915,-105.7258,-7,1,39.694915
81130,Creede,CO,37.705276,-106.95429,-7,1,37.705276
81089,Walsenburg,CO,37.621071,-104.80456,-7,1,37.621071
81066,Red Wing,CO,37.730256,-105.31806,-7,1,37.730256
81144,Monte Vista,CO,37.569501,-106.14946,-7,1,37.569501
80918,Colorado Springs,CO,38.916226,-104.76602,-7,1,38.916226
80047,Aurora,CO,39.738752,-104.408349,-7,1,39.738752
80103,Byers,CO,39.746563,-104.17162,-7,1,39.746563
81041,Granada,CO,37.962678,-102.33025,-7,1,37.962678
81004,Pueblo,CO,38.197344,-104.6331,-7,1,38.197344
81525,Mack,CO,39.244427,-108.93781,-7,1,39.244427
80903,Colorado Springs,CO,38.834282,-104.81654,-7,1,38.834282
81632,Edwards,CO,39.620748,-106.6148,-7,1,39.620748
80422,Black Hawk,CO,39.813744,-105.50875,-7,1,39.813744
81211,Buena Vista,CO,38.867111,-106.14664,-7,1,38.867111
80459,Kremmling,CO,40.14711,-106.42854,-7,1,40.14711
80919,Colorado Springs,CO,38.925451,-104.85255,-7,1,38.925451
81152,San Luis,CO,37.134458,-105.54778,-7,1,37.134458
81602,Glenwood Springs,CO,39.511742,-107.325336,-7,1,39.511742
80110,Englewood,CO,39.646847,-104.99076,-7,1,39.646847
81656,Woody Creek,CO,39.30179,-106.81878,-7,1,39.30179
80251,Denver,CO,39.738752,-104.408349,-7,1,39.738752
81087,Vilas,CO,37.377938,-102.42882,-7,1,37.377938
80543,Milliken,CO,40.332926,-104.85394,-7,1,40.332926
80426,Burns,CO,39.885527,-106.93018,-7,1,39.885527
80736,Iliff,CO,40.798956,-103.04649,-7,1,40.798956
81301,Durango,CO,37.295888,-107.84945,-7,1,37.295888
80521,Fort Collins,CO,40.586282,-105.10494,-7,1,40.586282
81521,Fruita,CO,39.159971,-108.72071,-7,1,39.159971
80281,Denver,CO,39.74394,-104.987577,-7,1,39.74394
80463,McCoy,CO,39.912186,-106.74302,-7,1,39.912186
81233,Howard,CO,38.442267,-105.85054,-7,1,38.442267
81637,Gypsum,CO,39.690233,-107.02552,-7,1,39.690233
80037,Commerce City,CO,39.80797,-104.407918,-7,1,39.80797
80233,Denver,CO,39.903043,-104.9544,-7,1,39.903043
80832,Ramah,CO,39.034273,-104.07125,-7,1,39.034273
81639,Hayden,CO,40.48806,-107.26093,-7,1,40.48806
80487,Steamboat Springs,CO,40.502772,-106.87521,-7,1,40.502772
81253,Wetmore,CO,38.186991,-105.07615,-7,1,38.186991
81125,Center,CO,37.773899,-106.08966,-7,1,37.773899
81063,Ordway,CO,38.253191,-103.76209,-7,1,38.253191
81146,Mosca,CO,37.620038,-105.73101,-7,1,37.620038
80001,Arvada,CO,39.522014,-105.223945,-7,1,39.522014
80928,Colorado Springs,CO,38.629157,-104.45068,-7,1,38.629157
80438,Empire,CO,39.762835,-105.71302,-7,1,39.762835
80643,Keenesburg,CO,40.078242,-104.49916,-7,1,40.078242
81073,Springfield,CO,37.409787,-102.61726,-7,1,37.409787
80401,Golden,CO,39.735745,-105.19337,-7,1,39.735745
80816,Florissant,CO,38.876897,-105.30711,-7,1,38.876897
81654,Snowmass,CO,39.254607,-106.97888,-7,1,39.254607
81520,Clifton,CO,39.085981,-108.44444,-7,1,39.085981
80165,Littleton,CO,39.738752,-104.408349,-7,1,39.738752
81425,Olathe,CO,38.605432,-108.0098,-7,1,38.605432
80917,Colorado Springs,CO,38.888394,-104.73975,-7,1,38.888394
80117,Kiowa,CO,39.382543,-104.42847,-7,1,39.382543
80473,Rand,CO,40.455817,-106.20137,-7,1,40.455817
80945,Colorado Springs,CO,38.82469,-104.562027,-7,1,38.82469
81252,Westcliffe,CO,38.130741,-105.45798,-7,1,38.130741
81501,Grand Junction,CO,39.072831,-108.55,-7,1,39.072831
80038,Broomfield,CO,40.087835,-105.373507,-7,1,40.087835
80275,Denver,CO,39.738752,-104.408349,-7,1,39.738752
81021,Arlington,CO,38.414313,-103.37824,-7,1,38.414313
80722,Atwood,CO,40.53158,-103.26151,-7,1,40.53158
80937,Colorado Springs,CO,38.82469,-104.562027,-7,1,38.82469
80931,Colorado Springs,CO,38.953003,-104.60923,-7,1,38.953003
80028,Louisville,CO,40.087835,-105.373507,-7,1,40.087835
80921,Colorado Springs,CO,39.044969,-104.83755,-7,1,39.044969
81014,Pueblo,CO,38.128626,-104.552299,-7,1,38.128626
80808,Calhan,CO,38.977375,-104.32017,-7,1,38.977375
80428,Clark,CO,40.854473,-106.92438,-7,1,40.854473
81326,Hesperus,CO,37.131282,-108.15728,-7,1,37.131282
81243,Powderhorn,CO,38.249778,-107.15542,-7,1,38.249778
80259,Denver,CO,39.746239,-104.991334,-7,1,39.746239
80551,Windsor,CO,40.464092,-104.885116,-7,1,40.464092
80747,Peetz,CO,40.964518,-103.11162,-7,1,40.964518
81615,Snowmass Village,CO,39.214104,-106.94528,-7,1,39.214104
80513,Berthoud,CO,40.294423,-105.08431,-7,1,40.294423
81102,Alamosa,CO,37.476026,-105.881779,-7,1,37.476026
81411,Bedrock,CO,38.318109,-108.92858,-7,1,38.318109
80033,Wheat Ridge,CO,39.774341,-105.10036,-7,1,39.774341
80926,Colorado Springs,CO,38.652352,-104.87298,-7,1,38.652352
80467,Oak Creek,CO,40.266778,-106.92849,-7,1,40.266778
80910,Colorado Springs,CO,38.813044,-104.77158,-7,1,38.813044
81124,Capulin,CO,37.291966,-106.12085,-7,1,37.291966
80995,Colorado Springs,CO,38.82469,-104.562027,-7,1,38.82469
80804,Arriba,CO,39.317411,-103.24869,-7,1,39.317411
81033,Crowley,CO,38.193627,-103.85543,-7,1,38.193627
80503,Longmont,CO,40.156035,-105.17365,-7,1,40.156035
81141,Manassa,CO,37.144944,-105.90161,-7,1,37.144944
80234,Denver,CO,39.9091,-105.00829,-7,1,39.9091
80280,Denver,CO,39.716675,-104.906942,-7,1,39.716675
80430,Coalmont,CO,40.436948,-106.49424,-7,1,40.436948
80920,Colorado Springs,CO,38.952366,-104.76701,-7,1,38.952366
80302,Boulder,CO,40.020885,-105.29673,-7,1,40.020885
80512,Bellvue,CO,40.700258,-105.64876,-7,1,40.700258
80475,Shawnee,CO,39.439493,-105.602959,-7,1,39.439493
80447,Grand Lake,CO,40.23832,-105.84688,-7,1,40.23832
80034,Wheat Ridge,CO,39.522014,-105.223945,-7,1,39.522014
81331,Pleasant View,CO,37.590205,-108.76998,-7,1,37.590205
80757,Woodrow,CO,39.836887,-103.61156,-7,1,39.836887
80020,Broomfield,CO,39.93404,-105.05454,-7,1,39.93404
80424,Breckenridge,CO,39.478893,-106.03747,-7,1,39.478893
80820,Guffey,CO,38.783844,-105.63616,-7,1,38.783844
80257,Denver,CO,39.738752,-104.408349,-7,1,39.738752
81325,Egnar,CO,38.027131,-108.83162,-7,1,38.027131
81650,Rifle,CO,39.603225,-107.89755,-7,1,39.603225
80044,Aurora,CO,39.738752,-104.408349,-7,1,39.738752
80205,Denver,CO,39.758986,-104.96678,-7,1,39.758986
81638,Hamilton,CO,40.298366,-107.51756,-7,1,40.298366
80256,Denver,CO,39.74739,-104.992842,-7,1,39.74739
81653,Slater,CO,40.929768,-107.18886,-7,1,40.929768
80805,Bethune,CO,39.302035,-102.44357,-7,1,39.302035
81649,Red Cliff,CO,39.451885,-106.32403,-7,1,39.451885
80497,Silverthorne,CO,39.641146,-106.108002,-7,1,39.641146
80226,Denver,CO,39.71222,-105.08918,-7,1,39.71222
80262,Denver,CO,39.731038,-104.938391,-7,1,39.731038
80228,Denver,CO,39.688278,-105.14558,-7,1,39.688278
81641,Meeker,CO,40.042797,-107.92158,-7,1,40.042797
81007,Pueblo,CO,38.333601,-104.74329,-7,1,38.333601
80322,Boulder,CO,40.087835,-105.373507,-7,1,40.087835
80106,Elbert,CO,39.148692,-104.5635,-7,1,39.148692
80166,Littleton,CO,39.738752,-104.408349,-7,1,39.738752
81039,Fowler,CO,38.002861,-104.03445,-7,1,38.002861
80758,Wray,CO,40.064734,-102.21336,-7,1,40.064734
80550,Windsor,CO,40.47997,-104.90227,-7,1,40.47997
80510,Allenspark,CO,40.223935,-105.52421,-7,1,40.223935
81310,Durango,CO,37.28211,-107.856609,-7,1,37.28211
80128,Littleton,CO,39.576838,-105.07882,-7,1,39.576838
80308,Boulder,CO,40.027672,-105.3868,-7,1,40.027672
80310,Boulder,CO,40.087835,-105.373507,-7,1,40.087835
81232,Hillside,CO,38.285533,-105.642451,-7,1,38.285533
80005,Arvada,CO,39.843304,-105.11896,-7,1,39.843304
80650,Pierce,CO,40.637244,-104.75847,-7,1,40.637244
81055,La Veta,CO,37.499829,-105.02943,-7,1,37.499829
81636,Battlement Mesa,CO,39.430535,-108.023924,-7,1,39.430535
80440,Fairplay,CO,39.22106,-106.0065,-7,1,39.22106
81626,Craig,CO,40.667669,-107.783276,-7,1,40.667669
80292,Denver,CO,39.74739,-104.992842,-7,1,39.74739
