,Classification,ageless5,Cluster Labels,pop,venue_count,Convenience Store,Coffee Shop,American Restaurant,Ven_Pop,ven_ageless5
0,3,1096,2.0,18211,24,0.0,0.0,0.0,0.0013178847949041788,0.021897810218978103
1,1,2587,2.0,36657,23,2.7279919251439015e-05,2.7279919251439015e-05,2.7279919251439015e-05,0.0006274381427830973,0.00889060688055663
2,3,2106,2.0,37241,16,2.6852125345721114e-05,0.0,0.0,0.0004296340055315378,0.007597340930674264
3,1,1616,2.0,29037,10,3.443881943726969e-05,0.0,0.0,0.0003443881943726969,0.006188118811881188
4,3,799,2.0,10174,8,0.0,0.0,0.0,0.0007863180656575585,0.010012515644555695
5,1,3798,2.0,43539,34,4.593582764877466e-05,2.296791382438733e-05,0.0,0.0007809090700291693,0.008952080042127435
6,1,4225,2.0,49746,70,0.00010051059381658827,4.02042375266353e-05,2.010211876331765e-05,0.0014071483134322357,0.016568047337278107
7,1,3744,2.0,51572,40,1.93903668657411e-05,1.93903668657411e-05,0.0,0.000775614674629644,0.010683760683760684
8,1,4740,2.0,72650,50,4.129387474191328e-05,4.129387474191328e-05,1.3764624913971094e-05,0.0006882312456985547,0.010548523206751054
9,3,1733,2.0,38810,8,0.0,2.576655501159495e-05,0.0,0.0002061324400927596,0.004616272360069244
10,3,4071,2.0,66695,20,2.998725541644801e-05,4.4980883124672017e-05,0.0,0.0002998725541644801,0.0049127978383689515
11,3,3271,2.0,52270,51,3.826286588865506e-05,9.565716472163767e-05,0.0,0.000975703080160704,0.0155915622133904
12,1,3129,2.0,36475,21,5.483207676490747e-05,0.0,0.0,0.0005757368060315284,0.006711409395973154
13,3,1088,2.0,12215,6,8.186655751125665e-05,0.0,0.0,0.0004911993450675399,0.0055147058823529415
14,1,398,2.0,2810,2,0.0,0.0,0.0,0.0007117437722419929,0.005025125628140704
15,3,3057,2.0,49962,10,0.0,0.0,0.0,0.00020015211560786198,0.0032711808963035655
16,3,1757,2.0,33033,39,9.081827263645445e-05,3.027275754548482e-05,0.0,0.0011806375442739079,0.0221969265793967
17,1,4766,2.0,48652,30,6.166241881114857e-05,0.0,2.0554139603716188e-05,0.0006166241881114857,0.00629458665547629
18,3,1669,2.0,29160,81,6.858710562414266e-05,0.0003429355281207132,6.858710562414266e-05,0.002777777777777778,0.048532055122828044
19,3,1743,2.0,33286,48,3.0042660578020782e-05,9.012798173406237e-05,3.0042660578020782e-05,0.001442047707744998,0.027538726333907058
20,3,917,2.0,16364,5,6.11097531165974e-05,0.0,0.0,0.00030554876558298703,0.0054525627044711015
21,1,2386,2.0,35994,41,5.556481635828194e-05,5.556481635828194e-05,2.778240817914097e-05,0.0011390787353447796,0.017183570829840736
22,3,1286,2.0,24977,33,8.007366777435242e-05,4.003683388717621e-05,4.003683388717621e-05,0.0013212155182768146,0.025660964230171075
23,3,37,2.0,778,5,0.0,0.0012853470437017994,0.0012853470437017994,0.006426735218508998,0.13513513513513514
24,1,240,2.0,5602,12,0.0,0.0001785076758300607,0.0,0.0021420921099607284,0.05
25,3,106,2.0,2734,6,0.000365764447695684,0.0,0.0,0.0021945866861741038,0.05660377358490566
26,3,2042,2.0,30458,94,0.0,0.00022982467660384793,0.00026265677326154047,0.003086217085823101,0.04603330068560235
27,1,59,2.0,1130,5,0.0008849557522123894,0.0,0.0,0.004424778761061947,0.0847457627118644
28,3,308,5.0,4999,5,0.0,0.0,0.0,0.0010002000400080016,0.016233766233766232
29,1,568,2.0,13007,16,0.0,7.688167909587145e-05,0.0,0.0012301068655339433,0.028169014084507043
30,3,1490,2.0,25700,32,3.891050583657588e-05,0.00011673151750972762,3.891050583657588e-05,0.001245136186770428,0.021476510067114093
31,3,1745,2.0,21427,13,0.0,0.0,0.0,0.0006067111588183133,0.007449856733524355
32,3,1461,2.0,22139,53,9.033831699715434e-05,4.516915849857717e-05,0.0,0.0023939654004245903,0.03627652292950034
33,3,1605,2.0,32220,39,0.0,6.207324643078833e-05,0.0,0.0012104283054003725,0.024299065420560748
34,3,1854,2.0,33165,100,3.015226895823911e-05,9.045680687471733e-05,6.030453791647822e-05,0.003015226895823911,0.05393743257820928
35,3,141,4.0,4017,5,0.0,0.0,0.0,0.0012447099825740602,0.03546099290780142
36,1,123,2.0,2785,4,0.0,0.0,0.0003590664272890485,0.001436265709156194,0.032520325203252036
37,3,276,2.0,6296,6,0.0,0.0,0.0,0.0009529860228716646,0.021739130434782608
38,3,1486,2.0,31255,7,0.0,0.0,0.0,0.00022396416573348266,0.004710632570659489
39,3,948,2.0,19185,27,0.0,5.2124055251498564e-05,0.0,0.0014073494917904612,0.028481012658227847
40,3,1661,2.0,32419,43,0.0,6.1692217526759e-05,3.08461087633795e-05,0.0013263826768253185,0.02588801926550271
41,3,2377,2.0,46379,57,2.1561482567541346e-05,0.0,0.0,0.0012290045063498567,0.023979806478754733
42,3,1061,2.0,20366,12,0.0,0.0,0.0,0.0005892173229892959,0.011310084825636193
43,3,565,2.0,10531,20,0.0,0.00018991548760801443,0.0,0.0018991548760801443,0.035398230088495575
44,3,2644,2.0,44221,11,0.0,0.0,0.0,0.00024875059360937113,0.00416036308623298
45,3,2130,2.0,44552,95,4.48913629017777e-05,0.00013467408870533308,0.0,0.0021323397378344407,0.04460093896713615
46,3,2180,2.0,35501,26,0.0,5.633644122700769e-05,0.0,0.0007323737359511,0.011926605504587157
47,3,1439,2.0,29681,20,0.0,3.36915872106735e-05,0.0,0.0006738317442134699,0.01389854065323141
48,1,1960,2.0,28800,12,3.472222222222222e-05,0.0,0.0,0.0004166666666666667,0.006122448979591836
49,3,959,2.0,21736,45,4.600662495399339e-05,9.201324990798678e-05,9.201324990798678e-05,0.002070298122929702,0.04692387904066736
50,1,211,4.0,2445,16,0.0,0.00040899795501022495,0.00040899795501022495,0.006543967280163599,0.07582938388625593
51,3,4683,2.0,64118,80,1.5596244424342617e-05,3.1192488848685235e-05,1.5596244424342617e-05,0.0012476995539474095,0.01708306641042067
52,3,157,2.0,3909,4,0.0,0.0,0.0,0.0010232796111537478,0.025477707006369428
53,3,278,2.0,5314,7,0.0,0.0,0.0,0.0013172751223184042,0.025179856115107913
54,3,1536,2.0,31985,11,0.0,0.0,0.0,0.00034391120837892763,0.007161458333333333
55,3,147,2.0,12923,100,0.0,0.0002321442389538033,0.0003869070649230055,0.0077381412984601095,0.6802721088435374
56,1,236,2.0,20366,21,0.0,0.00014730433074732396,0.0,0.0010311303152312678,0.08898305084745763
57,3,2877,2.0,33302,21,3.0028226532940963e-05,3.0028226532940963e-05,0.0,0.0006305927571917603,0.0072992700729927005
58,3,1841,2.0,32886,22,0.0,3.040807638508788e-05,0.0,0.0006689776804719333,0.011950027159152634
59,3,999,2.0,24237,9,0.0,4.125923175310476e-05,4.125923175310476e-05,0.0003713330857779428,0.009009009009009009
60,3,2279,2.0,26185,16,0.0,0.0,0.0,0.0006110368531602062,0.007020623080298377
61,3,1205,2.0,25560,21,0.0,7.824726134585289e-05,7.824726134585289e-05,0.0008215962441314554,0.017427385892116183
62,3,2048,2.0,36394,70,5.495411331538165e-05,0.00016486233994614499,2.7477056657690825e-05,0.001923393966038358,0.0341796875
63,3,2073,2.0,33789,50,5.919086093107224e-05,2.959543046553612e-05,0.0,0.0014797715232768062,0.0241196333815726
64,3,1121,2.0,19672,87,0.0,0.00030500203334688896,0.00015250101667344445,0.00442252948352989,0.07760927743086529
65,3,1464,2.0,26030,56,0.0,7.68344218209758e-05,0.0,0.0021513638109873223,0.03825136612021858
66,1,1072,2.0,19343,23,0.0,0.0001033965775732823,5.1698288786641165e-05,0.0011890606420927466,0.021455223880597014
67,1,832,2.0,12461,29,8.025038118931062e-05,0.0,0.0,0.002327261054490009,0.03485576923076923
68,3,635,2.0,19214,21,5.2045383574476944e-05,0.00010409076714895389,0.0,0.0010929530550640159,0.03307086614173228
69,3,5533,2.0,67646,34,1.4782840079236024e-05,0.0,0.0,0.0005026165626940247,0.006144948490872944
70,3,2555,2.0,36008,51,5.554321261941791e-05,0.0001388580315485448,0.0,0.0014163519217951566,0.019960861056751468
71,1,2091,2.0,40548,23,2.4662128834961033e-05,0.0,2.4662128834961033e-05,0.0005672289632041037,0.010999521759923482
72,3,1530,2.0,22688,5,0.0,4.407616361071932e-05,0.0,0.00022038081805359662,0.0032679738562091504
73,3,1351,2.0,20651,20,9.684761028521622e-05,4.842380514260811e-05,0.0,0.0009684761028521621,0.014803849000740192
74,3,1139,2.0,18794,4,0.0,0.0,0.0,0.00021283388315419816,0.003511852502194908
75,3,1536,2.0,32286,76,3.0973177228520105e-05,9.291953168556032e-05,3.0973177228520105e-05,0.002353961469367528,0.049479166666666664
76,3,1817,2.0,35323,15,5.662033236135096e-05,2.8310166180675488e-05,0.0,0.0004246524927101322,0.00825536598789213
77,3,1930,2.0,33430,23,0.0,0.00011965300628178281,0.0,0.0006880047861202512,0.011917098445595855
78,1,4857,2.0,54183,18,3.691194655150139e-05,0.0,0.0,0.0003322075189635125,0.0037059913526868438
79,3,418,2.0,8965,29,0.0,0.0,0.00011154489682097042,0.0032348020078081428,0.06937799043062201
80,1,2697,2.0,36766,8,0.0,0.0,0.0,0.0002175923407496056,0.0029662588060808304
81,3,1109,2.0,22476,5,0.0,0.0,0.0,0.00022245951236874887,0.004508566275924256
82,1,3597,2.0,49492,28,0.0,0.0,0.0,0.0005657479996767154,0.00778426466499861
83,3,1838,2.0,27412,26,3.648037355902524e-05,3.648037355902524e-05,3.648037355902524e-05,0.0009484897125346563,0.014145810663764961
84,3,431,2.0,8595,16,0.0,0.0,0.0002326934264107039,0.0018615474112856313,0.037122969837587005
85,1,1583,4.0,19333,4,0.0,0.0,0.0,0.0002069001189675684,0.002526847757422615
86,3,834,2.0,20280,4,0.0,0.0,0.0,0.0001972386587771203,0.004796163069544364
87,3,2307,3.0,17311,1,0.0,0.0,0.0,5.7766737912310095e-05,0.00043346337234503684
88,3,3428,2.0,46852,5,0.0,0.0,0.0,0.00010671903013745412,0.0014585764294049008
89,3,2283,2.0,33669,15,0.0,0.0,0.0,0.00044551367726989216,0.006570302233902759
90,1,570,2.0,13438,29,0.0,7.441583568983478e-05,0.0,0.0021580592350052092,0.05087719298245614
91,1,2088,2.0,28329,11,0.0,0.0,0.0,0.000388294680362879,0.005268199233716475
92,1,2468,2.0,29418,11,0.0,0.0,3.399279352777212e-05,0.00037392072880549325,0.004457050243111832
93,1,3094,2.0,34861,15,2.868535039155504e-05,0.0,0.0,0.0004302802558733255,0.004848093083387201
94,3,854,2.0,25404,20,0.0,3.9363879703983625e-05,0.0,0.0007872775940796725,0.0234192037470726
95,3,616,2.0,29016,100,0.0,0.00010339123242349049,0.00017231872070581748,0.0034463744141163496,0.16233766233766234
96,3,654,2.0,24734,48,0.0,4.043017708417562e-05,4.043017708417562e-05,0.0019406485000404302,0.07339449541284404
97,3,1539,2.0,26418,22,3.7852979029449615e-05,0.0,0.0,0.0008327655386478915,0.014294996751137101
98,3,764,2.0,17462,45,0.0,5.726720879624328e-05,5.726720879624328e-05,0.0025770243958309473,0.058900523560209424
99,3,1852,2.0,41026,100,2.4374786720616195e-05,0.00019499829376492956,0.0,0.0024374786720616193,0.05399568034557235
100,3,937,5.0,19121,3,0.0,0.0,0.0,0.00015689555985565608,0.0032017075773745998
101,1,47,2.0,903,4,0.0011074197120708748,0.0011074197120708748,0.0,0.004429678848283499,0.0851063829787234
102,3,365,5.0,8770,10,0.0,0.0,0.0,0.0011402508551881414,0.0273972602739726
103,3,206,2.0,4632,51,0.0002158894645941278,0.0006476683937823836,0.0008635578583765112,0.011010362694300517,0.24757281553398058
104,3,225,2.0,10204,100,0.0,0.0005880047040376323,0.0006860054880439044,0.009800078400627205,0.4444444444444444
106,3,32,5.0,730,6,0.0,0.0,0.0013698630136986301,0.00821917808219178,0.1875
107,3,48,5.0,238,4,0.0,0.0,0.0,0.01680672268907563,0.08333333333333333
108,3,379,2.0,8480,27,0.0,0.0002358490566037736,0.0001179245283018868,0.0031839622641509436,0.0712401055408971
109,3,573,2.0,7162,78,0.0,0.0006981290142418319,0.0006981290142418319,0.010890812622172577,0.13612565445026178
111,3,810,2.0,24284,41,0.0,0.0001235381321034426,0.0001235381321034426,0.0016883544720803821,0.050617283950617285
112,3,94,2.0,2356,17,0.00042444821731748726,0.00042444821731748726,0.0,0.007215619694397283,0.18085106382978725
113,3,119,2.0,2261,30,0.0004422821760283061,0.0008845643520566123,0.0004422821760283061,0.013268465280849183,0.25210084033613445
114,3,124,2.0,4201,29,0.0,0.0007141156867412521,0.00119019281123542,0.006903118305165437,0.23387096774193547
116,3,234,2.0,4335,20,0.0002306805074971165,0.0,0.0002306805074971165,0.00461361014994233,0.08547008547008547
118,3,170,2.0,3090,28,0.0,0.0006472491909385113,0.00032362459546925567,0.009061488673139158,0.16470588235294117
119,1,148,5.0,2501,5,0.0,0.0,0.0,0.001999200319872051,0.033783783783783786
120,3,363,2.0,7319,33,0.0001366306872523569,0.0001366306872523569,0.0002732613745047138,0.004508812679327777,0.09090909090909091
121,3,695,2.0,16204,17,6.171315724512466e-05,6.171315724512466e-05,0.0,0.0010491236731671192,0.02446043165467626
122,3,132,2.0,3456,22,0.0,0.0011574074074074076,0.00028935185185185184,0.00636574074074074,0.16666666666666666
123,1,121,2.0,2161,6,0.0,0.0,0.0,0.002776492364645997,0.049586776859504134
125,3,111,2.0,3395,16,0.0002945508100147275,0.0,0.0002945508100147275,0.00471281296023564,0.14414414414414414
127,1,89,2.0,1342,8,0.0,0.0,0.0007451564828614009,0.005961251862891207,0.0898876404494382
129,3,56,4.0,660,4,0.0,0.0,0.0,0.006060606060606061,0.07142857142857142
130,3,702,2.0,17708,100,0.0,0.00016941495369324599,0.0007341314660040659,0.0056471651231082,0.14245014245014245
131,1,333,4.0,7530,4,0.0,0.0,0.0,0.0005312084993359894,0.012012012012012012
132,3,2994,2.0,41996,69,7.143537479759977e-05,7.143537479759977e-05,7.143537479759977e-05,0.0016430136203447947,0.023046092184368736
133,3,1546,2.0,33811,49,2.9576173434681014e-05,0.00011830469373872406,0.0,0.00144923249829937,0.03169469598965071
134,1,3598,2.0,52339,39,3.8212422858671357e-05,1.9106211429335678e-05,0.0,0.0007451422457440914,0.01083935519733185
136,3,38,5.0,1673,5,0.0,0.0,0.0,0.002988643156007173,0.13157894736842105
137,1,654,2.0,12001,20,0.0,8.332638946754438e-05,0.00016665277893508876,0.0016665277893508875,0.03058103975535168
138,1,359,2.0,5010,12,0.0001996007984031936,0.0,0.0001996007984031936,0.0023952095808383233,0.033426183844011144
139,3,2120,2.0,25117,18,0.0,7.962734402993989e-05,0.0,0.0007166460962694589,0.008490566037735849
140,3,376,2.0,9605,81,0.0,0.00031233732431025507,0.00041644976574700676,0.008433107756376887,0.2154255319148936
141,3,1302,2.0,36768,51,0.00010879025239338555,5.4395126196692775e-05,2.7197563098346387e-05,0.0013870757180156658,0.03917050691244239
142,1,2268,2.0,34670,100,0.0,0.00020190366310931645,0.00011537352177675224,0.002884338044418806,0.04409171075837742
143,3,2948,2.0,53128,100,5.646739948802891e-05,5.646739948802891e-05,5.646739948802891e-05,0.0018822466496009637,0.033921302578018994
144,3,2586,2.0,46018,54,4.3461254291798863e-05,4.3461254291798863e-05,2.1730627145899432e-05,0.0011734538658785692,0.02088167053364269
145,3,1255,2.0,20681,4,0.0,0.0,0.0,0.00019341424495914123,0.0031872509960159364
146,3,392,2.0,4322,1,0.0,0.0,0.0,0.00023137436372049977,0.002551020408163265
147,1,1414,2.0,16258,13,6.150818058801821e-05,6.150818058801821e-05,0.0,0.0007996063476442367,0.009193776520509194
148,1,99,5.0,2604,5,0.0,0.0,0.0,0.0019201228878648233,0.050505050505050504
149,1,2424,2.0,43394,98,6.91339816564502e-05,0.00016131262386505046,0.0001382679633129004,0.0022583767341107066,0.040429042904290426
150,3,2141,2.0,46754,100,0.00010694272147837618,0.00010694272147837618,4.277708859135047e-05,0.002138854429567524,0.046707146193367584
151,1,212,4.0,4493,4,0.0,0.0,0.00022256843979523704,0.0008902737591809482,0.018867924528301886
152,1,447,2.0,4384,5,0.0,0.0,0.0,0.0011405109489051094,0.011185682326621925
153,3,470,2.0,6577,9,0.0001520450053215752,0.0,0.0001520450053215752,0.0013684050478941767,0.019148936170212766
155,1,225,2.0,1908,5,0.0,0.0,0.0,0.002620545073375262,0.022222222222222223
156,1,1009,2.0,10674,8,0.0,0.0,0.0,0.0007494847292486415,0.007928642220019821
157,1,1894,2.0,26555,56,3.765769158350593e-05,0.00015063076633402373,7.531538316701187e-05,0.0021088307286763323,0.029567053854276663
158,3,2359,2.0,38793,67,5.155569303740365e-05,5.155569303740365e-05,7.733353955610548e-05,0.0017271157167530224,0.02840186519711742
159,1,2520,2.0,33077,9,3.0232487831423648e-05,0.0,0.0,0.00027209239048281284,0.0035714285714285713
160,1,1094,2.0,13055,4,0.0,0.0,0.0,0.00030639601685178094,0.003656307129798903
161,3,560,2.0,8090,14,0.0,0.0,0.0,0.00173053152039555,0.025
162,1,1569,2.0,18912,8,5.287648054145516e-05,5.287648054145516e-05,0.0,0.00042301184433164127,0.005098789037603569
163,1,849,2.0,12397,22,8.066467693796887e-05,8.066467693796887e-05,0.0,0.001774622892635315,0.02591283863368669
164,1,91,2.0,955,1,0.0,0.0,0.0,0.0010471204188481676,0.01098901098901099
165,1,4165,2.0,55930,100,5.363847666726265e-05,0.00017879492222420883,3.5758984444841765e-05,0.0017879492222420883,0.024009603841536616
166,3,3479,2.0,55318,100,1.80772985285079e-05,0.0001446183882280632,5.42318955855237e-05,0.0018077298528507899,0.02874389192296637
167,1,1161,2.0,13194,11,7.57920266787934e-05,7.57920266787934e-05,0.0,0.0008337122934667273,0.009474590869939707
168,1,217,2.0,3600,9,0.0,0.0002777777777777778,0.0002777777777777778,0.0025,0.041474654377880185
169,1,191,2.0,3436,7,0.0,0.0,0.0,0.002037252619324796,0.03664921465968586
170,3,204,2.0,3552,8,0.0,0.0,0.0,0.0022522522522522522,0.0392156862745098
171,1,325,2.0,4808,6,0.00020798668885191348,0.00020798668885191348,0.0,0.0012479201331114808,0.018461538461538463
172,1,172,2.0,4118,8,0.00048567265662943174,0.00024283632831471587,0.00024283632831471587,0.001942690626517727,0.046511627906976744
173,3,190,2.0,2688,6,0.0003720238095238095,0.0,0.0,0.002232142857142857,0.031578947368421054
174,3,805,2.0,15316,30,0.000130582397492818,0.000130582397492818,6.529119874640899e-05,0.0019587359623922697,0.037267080745341616
175,3,168,2.0,2880,5,0.0,0.0,0.00034722222222222224,0.001736111111111111,0.02976190476190476
176,1,871,2.0,7174,9,0.00013939224979091162,0.0,0.0,0.0012545302481182046,0.010332950631458095
177,1,82,2.0,1130,2,0.0,0.0,0.0,0.0017699115044247787,0.024390243902439025
179,3,87,2.0,1368,1,0.0,0.0,0.0,0.0007309941520467836,0.011494252873563218
180,1,230,2.0,2890,5,0.0,0.0,0.0,0.0017301038062283738,0.021739130434782608
181,3,46,5.0,513,2,0.001949317738791423,0.0,0.001949317738791423,0.003898635477582846,0.043478260869565216
182,1,139,2.0,1656,1,0.0,0.0,0.0,0.0006038647342995169,0.007194244604316547
184,3,31,5.0,990,2,0.0,0.0,0.00101010101010101,0.00202020202020202,0.06451612903225806
186,1,1420,2.0,17577,44,5.6892530010809584e-05,0.0,0.0002844626500540479,0.0025032713204756214,0.030985915492957747
187,3,262,2.0,3674,9,0.0005443658138268917,0.0,0.00027218290691344586,0.0024496461622210124,0.03435114503816794
188,1,314,2.0,4627,7,0.0002161227577263886,0.0,0.0,0.0015128593040847202,0.022292993630573247
190,1,360,2.0,5248,23,0.00038109756097560966,0.0,0.0,0.004382621951219513,0.06388888888888888
191,1,411,2.0,5835,8,0.0,0.0,0.0,0.0013710368466152527,0.019464720194647202
193,3,121,2.0,1166,6,0.0,0.0,0.0,0.005145797598627788,0.049586776859504134
194,3,145,2.0,1684,24,0.0,0.0005938242280285035,0.0011876484560570072,0.014251781472684086,0.16551724137931034
195,3,75,2.0,3339,9,0.0,0.0,0.0,0.0026954177897574125,0.12
196,3,37,2.0,768,4,0.0,0.0,0.0,0.005208333333333333,0.10810810810810811
197,3,223,4.0,5605,4,0.0,0.0,0.0,0.0007136485280999108,0.017937219730941704
198,1,3114,2.0,30038,14,3.329116452493508e-05,0.0,0.0,0.00046607630334909113,0.00449582530507386
200,1,107,5.0,1083,2,0.0,0.0,0.0,0.0018467220683287165,0.018691588785046728
202,1,47,5.0,503,4,0.0,0.0,0.003976143141153081,0.007952286282306162,0.0851063829787234
204,3,107,2.0,3597,28,0.0,0.00027800945232137893,0.00027800945232137893,0.00778426466499861,0.2616822429906542
205,1,199,2.0,5780,43,0.0,0.00017301038062283734,0.0003460207612456747,0.007439446366782007,0.21608040201005024
206,3,1113,2.0,23859,8,0.0,0.0,0.0,0.00033530323986755525,0.0071877807726864335
208,1,73,2.0,1014,2,0.0,0.0,0.0,0.0019723865877712033,0.0273972602739726
209,1,99,2.0,1139,5,0.0,0.0,0.0,0.004389815627743635,0.050505050505050504
210,3,477,2.0,12876,47,0.00015532774153463808,0.00015532774153463808,7.766387076731904e-05,0.003650201926063995,0.09853249475890985
211,1,1974,2.0,12931,100,0.0,7.733353955610548e-05,0.00030933415822442193,0.007733353955610548,0.05065856129685917
212,3,560,2.0,15879,100,0.0,0.0005667863215567731,0.0001889287738522577,0.006297625795075257,0.17857142857142858
213,3,694,2.0,20091,76,9.954706087302773e-05,9.954706087302773e-05,0.00019909412174605546,0.0037827883131750536,0.10951008645533142
214,1,1211,2.0,17087,27,5.8524024111897934e-05,0.00011704804822379587,0.0,0.0015801486510212443,0.022295623451692816
215,3,2045,2.0,35664,100,2.803947958725886e-05,0.00022431583669807088,0.00011215791834903544,0.002803947958725886,0.0488997555012225
216,3,1053,2.0,28190,57,3.5473572188719404e-05,0.00014189428875487761,3.5473572188719404e-05,0.002021993614757006,0.05413105413105413
217,1,934,2.0,16657,6,0.0,0.0,0.0,0.0003602089211742811,0.006423982869379015
218,1,2661,2.0,38731,28,2.5819111306188843e-05,5.1638222612377685e-05,0.0,0.0007229351165732876,0.010522360015031942
219,1,2335,2.0,30379,15,0.00013166990355179564,0.0,0.0,0.0004937621383192337,0.006423982869379015
220,3,2423,2.0,34718,30,2.8803502505904717e-05,2.8803502505904717e-05,5.760700501180945e-05,0.0008641050751771415,0.012381345439537762
221,3,35,2.0,3428,15,0.0,0.0,0.0,0.004375729288214702,0.42857142857142855
222,1,1296,2.0,21078,20,0.00014232849416453175,4.744283138817725e-05,4.744283138817725e-05,0.0009488566277635449,0.015432098765432098
223,1,4625,2.0,40125,38,7.476635514018692e-05,2.4922118380062307e-05,7.476635514018692e-05,0.0009470404984423676,0.008216216216216217
224,3,1791,2.0,31036,8,3.2220646990591574e-05,3.2220646990591574e-05,0.0,0.0002577651759247326,0.00446677833612507
225,3,2802,2.0,48995,11,0.0,0.0,0.0,0.0002245127053780998,0.0039257673090649535
226,3,1423,2.0,27541,17,0.0,3.630950219672488e-05,3.630950219672488e-05,0.000617261537344323,0.011946591707659873
227,3,2627,2.0,38618,38,5.178932104200114e-05,7.76839815630017e-05,0.0,0.0009839970997980218,0.01446516939474686
228,3,1409,2.0,21870,78,0.00013717421124828533,0.00027434842249657066,0.00013717421124828533,0.0035665294924554186,0.05535841022001419
229,3,2301,2.0,28508,6,0.0,0.0,0.0,0.00021046723726673216,0.002607561929595828
230,1,502,2.0,8087,11,0.0,0.0,0.0,0.0013602077408185977,0.021912350597609563
231,1,1111,2.0,9694,2,0.0,0.0,0.0,0.00020631318341242006,0.0018001800180018
232,1,2426,2.0,30765,24,6.500893872907525e-05,0.0,0.0,0.000780107264748903,0.00989282769991756
233,3,638,2.0,15040,6,6.648936170212766e-05,0.0,0.0,0.00039893617021276594,0.009404388714733543
234,3,1761,2.0,26215,42,3.814609956131986e-05,3.814609956131986e-05,0.00011443829868395957,0.0016021361815754338,0.02385008517887564
235,3,1718,2.0,31361,93,6.377347661107747e-05,6.377347661107747e-05,9.566021491661618e-05,0.0029654666624151014,0.05413271245634459
236,1,524,2.0,11592,7,0.0,0.0,0.0,0.0006038647342995169,0.013358778625954198
237,3,1579,2.0,30901,43,0.0,9.708423675609205e-05,6.472282450406135e-05,0.0013915407268373192,0.027232425585813805
238,1,709,2.0,10723,18,0.0,0.0,0.0,0.0016786347104355125,0.02538787023977433
240,3,39,2.0,1430,3,0.0,0.0,0.0,0.002097902097902098,0.07692307692307693
242,1,97,2.0,1002,5,0.0,0.000998003992015968,0.0,0.00499001996007984,0.05154639175257732
244,1,150,2.0,1549,4,0.0006455777921239509,0.0,0.0,0.0025823111684958036,0.02666666666666667
246,3,551,2.0,9064,27,0.0,0.0,0.00011032656663724625,0.002978817299205649,0.04900181488203267
247,3,561,2.0,9119,23,0.0,0.0,0.0001096611470555982,0.0025222063822787585,0.040998217468805706
248,3,159,2.0,4910,8,0.00020366598778004074,0.0,0.00020366598778004074,0.001629327902240326,0.050314465408805034
251,3,37,2.0,926,2,0.0,0.0,0.0,0.0021598272138228943,0.05405405405405406
252,3,74,2.0,2738,4,0.0,0.0,0.0,0.0014609203798392988,0.05405405405405406
253,3,358,2.0,5986,13,0.0,0.0,0.0001670564650851988,0.002171734046107584,0.036312849162011177
254,3,50,5.0,1530,8,0.0,0.0,0.00065359477124183,0.00522875816993464,0.16
255,3,105,2.0,1947,9,0.0005136106831022085,0.0,0.0005136106831022085,0.004622496147919877,0.08571428571428572
256,1,62,1.0,686,1,0.0014577259475218659,0.0,0.0,0.0014577259475218659,0.016129032258064516
257,3,596,2.0,11176,38,0.0,8.947745168217609e-05,0.0002684323550465283,0.0034001431639226914,0.06375838926174497
258,3,33,2.0,4352,23,0.00045955882352941165,0.0,0.00022977941176470588,0.005284926470588236,0.696969696969697
259,3,55,2.0,941,1,0.0,0.0,0.0,0.0010626992561105207,0.01818181818181818
261,3,51,1.0,787,1,0.0012706480304955528,0.0,0.0,0.0012706480304955528,0.0196078431372549
262,3,1022,2.0,15568,50,0.0,0.00012846865364850977,0.00012846865364850977,0.003211716341212744,0.04892367906066536
263,1,111,2.0,2128,5,0.0,0.0,0.0,0.002349624060150376,0.04504504504504504
265,3,478,2.0,8052,8,0.0,0.0,0.0,0.0009935419771485345,0.016736401673640166
266,3,94,4.0,1037,3,0.0009643201542912247,0.0,0.0,0.0028929604628736743,0.031914893617021274
267,3,283,2.0,3436,6,0.0002910360884749709,0.0,0.0,0.0017462165308498253,0.02120141342756184
269,3,104,2.0,3101,15,0.0,0.0,0.0003224766204450178,0.004837149306675266,0.14423076923076922
270,1,391,2.0,5785,9,0.00017286084701815038,0.00017286084701815038,0.0,0.0015557476231633535,0.023017902813299233
271,3,205,2.0,2470,3,0.0,0.0,0.0,0.0012145748987854252,0.014634146341463415
273,3,523,2.0,7008,14,0.0,0.0,0.00014269406392694063,0.001997716894977169,0.02676864244741874
274,1,75,5.0,719,2,0.0,0.0,0.0,0.0027816411682892906,0.02666666666666667
275,3,562,2.0,11944,58,0.0002511721366376423,0.0005023442732752846,0.0002511721366376423,0.004855994641661085,0.10320284697508897
278,3,39,2.0,1093,13,0.0,0.0,0.0009149130832570906,0.011893870082342177,0.3333333333333333
279,3,343,2.0,8941,44,0.00011184431271669836,0.0003355329381500951,0.0003355329381500951,0.004921149759534727,0.1282798833819242
281,3,217,2.0,8178,33,0.0,0.0002445585717779409,0.0002445585717779409,0.004035216434336023,0.15207373271889402
282,3,1220,2.0,30053,76,3.327454829800686e-05,6.654909659601372e-05,9.982364489402057e-05,0.002528865670648521,0.06229508196721312
284,3,330,2.0,3420,62,0.0,0.0008771929824561404,0.0014619883040935672,0.018128654970760234,0.18787878787878787
286,3,207,2.0,9041,10,0.0,0.00011060723371308483,0.0,0.0011060723371308485,0.04830917874396135
287,3,387,2.0,9497,34,0.0,0.00021059281878487945,0.00010529640939243972,0.0035800779193429504,0.08785529715762273
289,3,66,5.0,1026,7,0.0009746588693957114,0.0,0.0,0.00682261208576998,0.10606060606060606
290,3,236,2.0,3677,9,0.0,0.0,0.0,0.0024476475387544194,0.038135593220338986
292,3,138,2.0,4136,6,0.0,0.00024177949709864604,0.00024177949709864604,0.0014506769825918763,0.043478260869565216
293,3,1459,2.0,30392,100,3.290339563042906e-05,0.00019742037378257435,0.00013161358252171624,0.003290339563042906,0.06854009595613433
294,3,416,2.0,8452,11,0.00011831519167061053,0.0,0.0,0.0013014671083767155,0.026442307692307692
295,3,865,2.0,14960,45,6.684491978609627e-05,0.0002005347593582888,0.00026737967914438503,0.0030080213903743314,0.05202312138728324
296,3,212,2.0,4423,8,0.0,0.00022609088853719196,0.00022609088853719196,0.0018087271082975356,0.03773584905660377
297,3,60,2.0,1219,6,0.0,0.0,0.0,0.004922067268252666,0.1
298,3,86,4.0,2206,1,0.0,0.0,0.0,0.00045330915684496827,0.011627906976744186
299,3,239,2.0,4366,8,0.0,0.0,0.00022904260192395785,0.0018323408153916628,0.03347280334728033
300,3,1294,2.0,21976,69,0.0,0.0001820167455405897,0.0001365125591554423,0.003139788860575173,0.05332302936630603
301,1,65,2.0,1537,1,0.0,0.0,0.0,0.0006506180871828237,0.015384615384615385
302,3,124,2.0,4630,11,0.0,0.0,0.00021598272138228947,0.0023758099352051837,0.08870967741935484
303,3,64,5.0,1276,2,0.0,0.0,0.0,0.001567398119122257,0.03125
304,1,902,2.0,14285,19,0.0,0.0,0.0,0.0013300665033251662,0.02106430155210643
305,1,84,2.0,1851,4,0.0,0.0,0.0,0.0021609940572663426,0.047619047619047616
306,1,157,2.0,4006,5,0.0,0.00024962556165751375,0.0,0.0012481278082875687,0.03184713375796178
307,3,38,2.0,647,1,0.0,0.0,0.0,0.0015455950540958269,0.02631578947368421
308,3,138,2.0,1729,4,0.0,0.0,0.0,0.002313475997686524,0.028985507246376812
309,1,410,2.0,5622,9,0.0,0.0,0.0,0.0016008537886872999,0.02195121951219512
310,3,41,2.0,934,29,0.0,0.0,0.0021413276231263384,0.031049250535331904,0.7073170731707317
311,1,151,2.0,3328,8,0.0,0.00030048076923076925,0.0,0.002403846153846154,0.052980132450331126
312,3,83,2.0,3090,15,0.0,0.0003236245954692557,0.0003236245954692557,0.0048543689320388345,0.18072289156626506
315,3,199,2.0,5123,39,0.0,0.00039039625219597894,0.00019519812609798947,0.007612726917821589,0.19597989949748743
316,3,1613,2.0,24836,30,0.0,8.052826542116284e-05,4.0264132710581415e-05,0.0012079239813174425,0.018598884066955982
317,1,1188,2.0,15388,76,0.00012997140629061605,0.0002599428125812321,0.00012997140629061605,0.004938913439043411,0.06397306397306397
318,1,2021,2.0,28300,15,3.5335689045936404e-05,0.0,0.0,0.0005300353356890459,0.007422068283028204
319,1,415,2.0,9261,68,0.0,0.00032393909944930353,0.00021595939963286903,0.007342619587517547,0.163855421686747
320,3,615,2.0,11517,48,0.0,0.0001736563341147868,0.0001736563341147868,0.004167752018754884,0.07804878048780488
321,1,867,2.0,13551,38,0.00014759058372075862,7.379529186037931e-05,0.0,0.0028042210906944138,0.04382929642445214
322,3,681,2.0,15923,32,0.0,0.00012560447151918608,6.280223575959304e-05,0.0020096715443069773,0.04698972099853157
323,1,157,2.0,1843,5,0.0,0.0,0.0,0.0027129679869777536,0.03184713375796178
324,1,230,2.0,5487,16,0.0,0.0,0.0,0.00291598323309641,0.06956521739130435
325,3,994,2.0,15590,67,0.0001282873636946761,0.00032071840923669006,0.0001282873636946761,0.004297626683771648,0.06740442655935613
326,3,419,2.0,10299,100,0.0,9.709680551509856e-05,0.0007767744441207885,0.009709680551509855,0.2386634844868735
328,3,946,2.0,11447,45,8.735913339739671e-05,0.00026207740019219014,8.735913339739671e-05,0.003931161002882852,0.04756871035940803
329,3,298,2.0,5973,17,0.0003348401138456387,0.00016742005692281934,0.00016742005692281934,0.002846140967687929,0.05704697986577181
330,3,1095,2.0,15745,24,6.351222610352491e-05,0.00012702445220704985,0.0,0.0015242934264845982,0.021917808219178082
331,3,90,2.0,1407,4,0.0,0.0,0.0,0.0028429282160625444,0.044444444444444446
332,3,750,2.0,12398,22,0.0,0.0001613163413453783,0.0,0.0017744797547991611,0.029333333333333333
333,3,78,2.0,882,5,0.0,0.0,0.0,0.005668934240362812,0.0641025641025641
334,3,571,2.0,8368,36,0.0,0.00035850860420650097,0.00011950286806883365,0.004302103250478011,0.06304728546409807
335,3,536,2.0,9159,40,0.0,0.00010918222513374823,0.0006550933508024893,0.004367289005349929,0.07462686567164178
336,1,518,2.0,6942,1,0.0,0.0,0.0,0.00014405070584845865,0.0019305019305019305
337,3,606,2.0,8527,17,0.0,0.0,0.0,0.001993667174856339,0.028052805280528052
338,3,116,2.0,2326,11,0.0,0.0,0.0008598452278589856,0.004729148753224419,0.09482758620689655
339,1,189,2.0,3852,4,0.0,0.0,0.0,0.0010384215991692627,0.021164021164021163
341,3,568,2.0,7279,19,0.0,0.0,0.00013738150844896276,0.0026102486605302927,0.03345070422535211
342,1,194,2.0,2625,7,0.00038095238095238096,0.00038095238095238096,0.0,0.0026666666666666666,0.03608247422680412
343,3,772,2.0,13147,8,0.0,0.0,0.0,0.0006085038411804975,0.010362694300518135
344,1,425,2.0,4947,4,0.0,0.0,0.0,0.0008085708510208206,0.009411764705882352
345,3,131,2.0,1520,5,0.0,0.0,0.0,0.003289473684210526,0.03816793893129771
346,3,111,2.0,5793,100,0.0,0.0005178663904712584,0.0017262213015708614,0.017262213015708613,0.9009009009009009
